<?xml version="1.0" encoding="UTF-8"?>
<!DOCTYPE configuration PUBLIC "-//mybatis.org//DTD Config 3.0//EN"
"http://mybatis.org/dtd/mybatis-3-config.dtd">
<configuration>
	<typeAliases>
			<typeAlias type="studentmanagement.dto.ClassResponseDTO" alias="classRes" />
			<typeAlias type="studentmanagement.dto.ClassRequestDTO" alias="classReq" />
			<typeAlias type="studentmanagement.dto.UserRequestDTO" alias="userReq" />
			<typeAlias type="studentmanagement.dto.UserResponseDTO" alias="userRes" />
			<typeAlias type="studentmanagement.dto.StudentResponseDTO" alias="stuRes" />
			<typeAlias type="studentmanagement.dto.StudentRequestDTO" alias="stuReq" />
			
			
	</typeAliases>
	<environments default="development">
		<environment id="development">
			<transactionManager type="JDBC" />
			<dataSource type="POOLED">
				<property name="driver" value="com.mysql.jdbc.Driver" />
				<property name="url"

					value="jdbc:mysql://localhost:3306/mybatis" />
				<property name="username" value="root" />
				<property name="password" value="admin" />
			</dataSource>
		</environment>
	</environments>
	<mappers>
		<mapper resource="studentmanagement/dao/ClassMapper.xml"/>
		<mapper resource="studentmanagement/dao/UserMapper.xml"/>
		<mapper resource="studentmanagement/dao/StudentMapper.xml"/>
	</mappers>
</configuration>