<?xml version="1.0" encoding="UTF-8"?>
<!DOCTYPE mapper PUBLIC "-//mybatis.org//DTD Mapper 3.0//EN"
"http://mybatis.org/dtd/mybatis-3-mapper.dtd">

<mapper namespace="usernamespace">

	<insert id="insertUser" parameterType="userReq"
		useGeneratedKeys="true" keyProperty="userId">
		insert into user
		(user_id,user_name,password)
		values(#{userId},#{userName},#{password});

	</insert>

	<update id="updateUser" parameterType="userReq" >
	
		update user set 
		
			user_id = #{userId},user_name=#{userName},password=#{password} 
			
				where user_id=#{userId}
	</update>
	
	<delete id="deleteUser" parameterType="userReq">
		delete from user where user_id = #{userId}
	</delete>
	
	<select id="selectUser" parameterType="userReq" resultMap="userResult">
	
		select * from user
		
		<where>
		
			<if test="userId != null and userId != '' ">
				user_id like #{userId}
			</if>
			
			<if test="userName != null and userName != ''">
				user_name like #{userName}
			</if>
		</where>
		
		
	</select>
	
	
	
	<resultMap type="userRes" id="userResult">

		<id property="userId" column="user_id" />
		<result property="userName" column="user_name" />
		<result property="password" column="password" />
	</resultMap>
</mapper>