<?xml version="1.0" encoding="UTF-8"?>
<!DOCTYPE hibernate-configuration PUBLIC
"-//Hibernate/Hibernate Configuration DTD 5.3//EN"
"http://hibernate.sourceforge.net/hibernate-configuration-3.0.dtd">
<hibernate-configuration>
	<session-factory>
		<property name="hbm2ddl.auto">update</property>
		<property name="dialect"> org.hibernate.dialect.MySQL8Dialect</property>
		<property name="connection.url">jdbc:mysql://localhost:3306/hibernate</property>
		<property name="connection.username">root</property>
		<property name="connection.password">admin</property>
		<property name="connection.driver_class">com.mysql.jdbc.Driver</property>
		<!-- for mapping xml file -->
		<mapping class="studentmanagement.dto.ClassDTO" />
		<mapping class="studentmanagement.dto.StudentDTO" />
		<mapping class="studentmanagement.dto.UserDTO" />
	</session-factory>
</hibernate-configuration>